Annotation,Value,Metric,Kernel,GPU,Host,ComputeClock,MemoryClock,Unit,n
torch.add,18688.0,gpu__time_duration.sum,vectorized_elementwise_kernel,NVIDIA RTX A6000,0042-kci-sma6-prxmx10204,1800000,8001000,ns,1048576
torch.add,19104.0,gpu__time_duration.sum,vectorized_elementwise_kernel,NVIDIA RTX A6000,0042-kci-sma6-prxmx10204,1800000,8001000,ns,1048576
torch.add,18912.0,gpu__time_duration.sum,vectorized_elementwise_kernel,NVIDIA RTX A6000,0042-kci-sma6-prxmx10204,1800000,8001000,ns,1048576
torch.add,18752.0,gpu__time_duration.sum,vectorized_elementwise_kernel,NVIDIA RTX A6000,0042-kci-sma6-prxmx10204,1800000,8001000,ns,1048576
torch.add,18560.0,gpu__time_duration.sum,vectorized_elementwise_kernel,NVIDIA RTX A6000,0042-kci-sma6-prxmx10204,1800000,8001000,ns,1048576
torch.add,38336.0,gpu__time_duration.sum,vectorized_elementwise_kernel,NVIDIA RTX A6000,0042-kci-sma6-prxmx10204,1800000,8001000,ns,2097152
torch.add,38112.0,gpu__time_duration.sum,vectorized_elementwise_kernel,NVIDIA RTX A6000,0042-kci-sma6-prxmx10204,1800000,8001000,ns,2097152
torch.add,37888.0,gpu__time_duration.sum,vectorized_elementwise_kernel,NVIDIA RTX A6000,0042-kci-sma6-prxmx10204,1800000,8001000,ns,2097152
torch.add,38336.0,gpu__time_duration.sum,vectorized_elementwise_kernel,NVIDIA RTX A6000,0042-kci-sma6-prxmx10204,1800000,8001000,ns,2097152
torch.add,38240.0,gpu__time_duration.sum,vectorized_elementwise_kernel,NVIDIA RTX A6000,0042-kci-sma6-prxmx10204,1800000,8001000,ns,2097152
torch.add,56256.0,gpu__time_duration.sum,vectorized_elementwise_kernel,NVIDIA RTX A6000,0042-kci-sma6-prxmx10204,1800000,8001000,ns,3145728
torch.add,57216.0,gpu__time_duration.sum,vectorized_elementwise_kernel,NVIDIA RTX A6000,0042-kci-sma6-prxmx10204,1800000,8001000,ns,3145728
torch.add,56608.0,gpu__time_duration.sum,vectorized_elementwise_kernel,NVIDIA RTX A6000,0042-kci-sma6-prxmx10204,1800000,8001000,ns,3145728
torch.add,56512.0,gpu__time_duration.sum,vectorized_elementwise_kernel,NVIDIA RTX A6000,0042-kci-sma6-prxmx10204,1800000,8001000,ns,3145728
torch.add,56448.0,gpu__time_duration.sum,vectorized_elementwise_kernel,NVIDIA RTX A6000,0042-kci-sma6-prxmx10204,1800000,8001000,ns,3145728
torch.add,75072.0,gpu__time_duration.sum,vectorized_elementwise_kernel,NVIDIA RTX A6000,0042-kci-sma6-prxmx10204,1800000,8001000,ns,4194304
torch.add,75328.0,gpu__time_duration.sum,vectorized_elementwise_kernel,NVIDIA RTX A6000,0042-kci-sma6-prxmx10204,1800000,8001000,ns,4194304
torch.add,74688.0,gpu__time_duration.sum,vectorized_elementwise_kernel,NVIDIA RTX A6000,0042-kci-sma6-prxmx10204,1800000,8001000,ns,4194304
torch.add,74592.0,gpu__time_duration.sum,vectorized_elementwise_kernel,NVIDIA RTX A6000,0042-kci-sma6-prxmx10204,1800000,8001000,ns,4194304
torch.add,74688.0,gpu__time_duration.sum,vectorized_elementwise_kernel,NVIDIA RTX A6000,0042-kci-sma6-prxmx10204,1800000,8001000,ns,4194304
torch.add,93088.0,gpu__time_duration.sum,vectorized_elementwise_kernel,NVIDIA RTX A6000,0042-kci-sma6-prxmx10204,1800000,8001000,ns,5242880
torch.add,92416.0,gpu__time_duration.sum,vectorized_elementwise_kernel,NVIDIA RTX A6000,0042-kci-sma6-prxmx10204,1800000,8001000,ns,5242880
torch.add,92896.0,gpu__time_duration.sum,vectorized_elementwise_kernel,NVIDIA RTX A6000,0042-kci-sma6-prxmx10204,1800000,8001000,ns,5242880
torch.add,92928.0,gpu__time_duration.sum,vectorized_elementwise_kernel,NVIDIA RTX A6000,0042-kci-sma6-prxmx10204,1800000,8001000,ns,5242880
torch.add,93344.0,gpu__time_duration.sum,vectorized_elementwise_kernel,NVIDIA RTX A6000,0042-kci-sma6-prxmx10204,1800000,8001000,ns,5242880
torch.add,111360.0,gpu__time_duration.sum,vectorized_elementwise_kernel,NVIDIA RTX A6000,0042-kci-sma6-prxmx10204,1800000,8001000,ns,6291456
torch.add,111520.0,gpu__time_duration.sum,vectorized_elementwise_kernel,NVIDIA RTX A6000,0042-kci-sma6-prxmx10204,1800000,8001000,ns,6291456
torch.add,111392.0,gpu__time_duration.sum,vectorized_elementwise_kernel,NVIDIA RTX A6000,0042-kci-sma6-prxmx10204,1800000,8001000,ns,6291456
torch.add,111520.0,gpu__time_duration.sum,vectorized_elementwise_kernel,NVIDIA RTX A6000,0042-kci-sma6-prxmx10204,1800000,8001000,ns,6291456
torch.add,111296.0,gpu__time_duration.sum,vectorized_elementwise_kernel,NVIDIA RTX A6000,0042-kci-sma6-prxmx10204,1800000,8001000,ns,6291456
torch.add,130048.0,gpu__time_duration.sum,vectorized_elementwise_kernel,NVIDIA RTX A6000,0042-kci-sma6-prxmx10204,1800000,8001000,ns,7340032
torch.add,129536.0,gpu__time_duration.sum,vectorized_elementwise_kernel,NVIDIA RTX A6000,0042-kci-sma6-prxmx10204,1800000,8001000,ns,7340032
torch.add,130176.0,gpu__time_duration.sum,vectorized_elementwise_kernel,NVIDIA RTX A6000,0042-kci-sma6-prxmx10204,1800000,8001000,ns,7340032
torch.add,129792.0,gpu__time_duration.sum,vectorized_elementwise_kernel,NVIDIA RTX A6000,0042-kci-sma6-prxmx10204,1800000,8001000,ns,7340032
torch.add,129888.0,gpu__time_duration.sum,vectorized_elementwise_kernel,NVIDIA RTX A6000,0042-kci-sma6-prxmx10204,1800000,8001000,ns,7340032
torch.add,148800.0,gpu__time_duration.sum,vectorized_elementwise_kernel,NVIDIA RTX A6000,0042-kci-sma6-prxmx10204,1800000,8001000,ns,8388608
torch.add,149216.0,gpu__time_duration.sum,vectorized_elementwise_kernel,NVIDIA RTX A6000,0042-kci-sma6-prxmx10204,1800000,8001000,ns,8388608
torch.add,147840.0,gpu__time_duration.sum,vectorized_elementwise_kernel,NVIDIA RTX A6000,0042-kci-sma6-prxmx10204,1800000,8001000,ns,8388608
torch.add,149696.0,gpu__time_duration.sum,vectorized_elementwise_kernel,NVIDIA RTX A6000,0042-kci-sma6-prxmx10204,1800000,8001000,ns,8388608
torch.add,148192.0,gpu__time_duration.sum,vectorized_elementwise_kernel,NVIDIA RTX A6000,0042-kci-sma6-prxmx10204,1800000,8001000,ns,8388608
torch.add,167968.0,gpu__time_duration.sum,vectorized_elementwise_kernel,NVIDIA RTX A6000,0042-kci-sma6-prxmx10204,1800000,8001000,ns,9437184
torch.add,166496.0,gpu__time_duration.sum,vectorized_elementwise_kernel,NVIDIA RTX A6000,0042-kci-sma6-prxmx10204,1800000,8001000,ns,9437184
torch.add,166848.0,gpu__time_duration.sum,vectorized_elementwise_kernel,NVIDIA RTX A6000,0042-kci-sma6-prxmx10204,1800000,8001000,ns,9437184
torch.add,166880.0,gpu__time_duration.sum,vectorized_elementwise_kernel,NVIDIA RTX A6000,0042-kci-sma6-prxmx10204,1800000,8001000,ns,9437184
torch.add,167392.0,gpu__time_duration.sum,vectorized_elementwise_kernel,NVIDIA RTX A6000,0042-kci-sma6-prxmx10204,1800000,8001000,ns,9437184
torch.add,184352.0,gpu__time_duration.sum,vectorized_elementwise_kernel,NVIDIA RTX A6000,0042-kci-sma6-prxmx10204,1800000,8001000,ns,10485760
torch.add,185568.0,gpu__time_duration.sum,vectorized_elementwise_kernel,NVIDIA RTX A6000,0042-kci-sma6-prxmx10204,1800000,8001000,ns,10485760
torch.add,185152.0,gpu__time_duration.sum,vectorized_elementwise_kernel,NVIDIA RTX A6000,0042-kci-sma6-prxmx10204,1800000,8001000,ns,10485760
torch.add,185216.0,gpu__time_duration.sum,vectorized_elementwise_kernel,NVIDIA RTX A6000,0042-kci-sma6-prxmx10204,1800000,8001000,ns,10485760
torch.add,185024.0,gpu__time_duration.sum,vectorized_elementwise_kernel,NVIDIA RTX A6000,0042-kci-sma6-prxmx10204,1800000,8001000,ns,10485760
torch.add,202976.0,gpu__time_duration.sum,vectorized_elementwise_kernel,NVIDIA RTX A6000,0042-kci-sma6-prxmx10204,1800000,8001000,ns,11534336
torch.add,203840.0,gpu__time_duration.sum,vectorized_elementwise_kernel,NVIDIA RTX A6000,0042-kci-sma6-prxmx10204,1800000,8001000,ns,11534336
torch.add,203584.0,gpu__time_duration.sum,vectorized_elementwise_kernel,NVIDIA RTX A6000,0042-kci-sma6-prxmx10204,1800000,8001000,ns,11534336
torch.add,203648.0,gpu__time_duration.sum,vectorized_elementwise_kernel,NVIDIA RTX A6000,0042-kci-sma6-prxmx10204,1800000,8001000,ns,11534336
torch.add,202656.0,gpu__time_duration.sum,vectorized_elementwise_kernel,NVIDIA RTX A6000,0042-kci-sma6-prxmx10204,1800000,8001000,ns,11534336
torch.add,222496.0,gpu__time_duration.sum,vectorized_elementwise_kernel,NVIDIA RTX A6000,0042-kci-sma6-prxmx10204,1800000,8001000,ns,12582912
torch.add,222016.0,gpu__time_duration.sum,vectorized_elementwise_kernel,NVIDIA RTX A6000,0042-kci-sma6-prxmx10204,1800000,8001000,ns,12582912
torch.add,221344.0,gpu__time_duration.sum,vectorized_elementwise_kernel,NVIDIA RTX A6000,0042-kci-sma6-prxmx10204,1800000,8001000,ns,12582912
torch.add,223072.0,gpu__time_duration.sum,vectorized_elementwise_kernel,NVIDIA RTX A6000,0042-kci-sma6-prxmx10204,1800000,8001000,ns,12582912
torch.add,222720.0,gpu__time_duration.sum,vectorized_elementwise_kernel,NVIDIA RTX A6000,0042-kci-sma6-prxmx10204,1800000,8001000,ns,12582912
torch.add,239008.0,gpu__time_duration.sum,vectorized_elementwise_kernel,NVIDIA RTX A6000,0042-kci-sma6-prxmx10204,1800000,8001000,ns,13631488
torch.add,241504.0,gpu__time_duration.sum,vectorized_elementwise_kernel,NVIDIA RTX A6000,0042-kci-sma6-prxmx10204,1800000,8001000,ns,13631488
torch.add,239168.0,gpu__time_duration.sum,vectorized_elementwise_kernel,NVIDIA RTX A6000,0042-kci-sma6-prxmx10204,1800000,8001000,ns,13631488
torch.add,240576.0,gpu__time_duration.sum,vectorized_elementwise_kernel,NVIDIA RTX A6000,0042-kci-sma6-prxmx10204,1800000,8001000,ns,13631488
torch.add,239488.0,gpu__time_duration.sum,vectorized_elementwise_kernel,NVIDIA RTX A6000,0042-kci-sma6-prxmx10204,1800000,8001000,ns,13631488
torch.add,259264.0,gpu__time_duration.sum,vectorized_elementwise_kernel,NVIDIA RTX A6000,0042-kci-sma6-prxmx10204,1800000,8001000,ns,14680064
torch.add,258240.0,gpu__time_duration.sum,vectorized_elementwise_kernel,NVIDIA RTX A6000,0042-kci-sma6-prxmx10204,1800000,8001000,ns,14680064
torch.add,259008.0,gpu__time_duration.sum,vectorized_elementwise_kernel,NVIDIA RTX A6000,0042-kci-sma6-prxmx10204,1800000,8001000,ns,14680064
torch.add,258432.0,gpu__time_duration.sum,vectorized_elementwise_kernel,NVIDIA RTX A6000,0042-kci-sma6-prxmx10204,1800000,8001000,ns,14680064
torch.add,259680.0,gpu__time_duration.sum,vectorized_elementwise_kernel,NVIDIA RTX A6000,0042-kci-sma6-prxmx10204,1800000,8001000,ns,14680064
torch.add,277344.0,gpu__time_duration.sum,vectorized_elementwise_kernel,NVIDIA RTX A6000,0042-kci-sma6-prxmx10204,1800000,8001000,ns,15728640
torch.add,276000.0,gpu__time_duration.sum,vectorized_elementwise_kernel,NVIDIA RTX A6000,0042-kci-sma6-prxmx10204,1800000,8001000,ns,15728640
torch.add,275936.0,gpu__time_duration.sum,vectorized_elementwise_kernel,NVIDIA RTX A6000,0042-kci-sma6-prxmx10204,1800000,8001000,ns,15728640
torch.add,276832.0,gpu__time_duration.sum,vectorized_elementwise_kernel,NVIDIA RTX A6000,0042-kci-sma6-prxmx10204,1800000,8001000,ns,15728640
torch.add,277472.0,gpu__time_duration.sum,vectorized_elementwise_kernel,NVIDIA RTX A6000,0042-kci-sma6-prxmx10204,1800000,8001000,ns,15728640
torch.add,295424.0,gpu__time_duration.sum,vectorized_elementwise_kernel,NVIDIA RTX A6000,0042-kci-sma6-prxmx10204,1800000,8001000,ns,16777216
torch.add,296640.0,gpu__time_duration.sum,vectorized_elementwise_kernel,NVIDIA RTX A6000,0042-kci-sma6-prxmx10204,1800000,8001000,ns,16777216
torch.add,295616.0,gpu__time_duration.sum,vectorized_elementwise_kernel,NVIDIA RTX A6000,0042-kci-sma6-prxmx10204,1800000,8001000,ns,16777216
torch.add,295040.0,gpu__time_duration.sum,vectorized_elementwise_kernel,NVIDIA RTX A6000,0042-kci-sma6-prxmx10204,1800000,8001000,ns,16777216
torch.add,294560.0,gpu__time_duration.sum,vectorized_elementwise_kernel,NVIDIA RTX A6000,0042-kci-sma6-prxmx10204,1800000,8001000,ns,16777216
vecadd_cuda,19296.0,gpu__time_duration.sum,vec_add,NVIDIA RTX A6000,0042-kci-sma6-prxmx10204,1800000,8001000,ns,1048576
vecadd_cuda,19392.0,gpu__time_duration.sum,vec_add,NVIDIA RTX A6000,0042-kci-sma6-prxmx10204,1800000,8001000,ns,1048576
vecadd_cuda,19424.0,gpu__time_duration.sum,vec_add,NVIDIA RTX A6000,0042-kci-sma6-prxmx10204,1800000,8001000,ns,1048576
vecadd_cuda,19040.0,gpu__time_duration.sum,vec_add,NVIDIA RTX A6000,0042-kci-sma6-prxmx10204,1800000,8001000,ns,1048576
vecadd_cuda,19392.0,gpu__time_duration.sum,vec_add,NVIDIA RTX A6000,0042-kci-sma6-prxmx10204,1800000,8001000,ns,1048576
vecadd_cuda,39264.0,gpu__time_duration.sum,vec_add,NVIDIA RTX A6000,0042-kci-sma6-prxmx10204,1800000,8001000,ns,2097152
vecadd_cuda,38976.0,gpu__time_duration.sum,vec_add,NVIDIA RTX A6000,0042-kci-sma6-prxmx10204,1800000,8001000,ns,2097152
vecadd_cuda,38688.0,gpu__time_duration.sum,vec_add,NVIDIA RTX A6000,0042-kci-sma6-prxmx10204,1800000,8001000,ns,2097152
vecadd_cuda,38752.0,gpu__time_duration.sum,vec_add,NVIDIA RTX A6000,0042-kci-sma6-prxmx10204,1800000,8001000,ns,2097152
vecadd_cuda,38720.0,gpu__time_duration.sum,vec_add,NVIDIA RTX A6000,0042-kci-sma6-prxmx10204,1800000,8001000,ns,2097152
vecadd_cuda,56832.0,gpu__time_duration.sum,vec_add,NVIDIA RTX A6000,0042-kci-sma6-prxmx10204,1800000,8001000,ns,3145728
vecadd_cuda,56320.0,gpu__time_duration.sum,vec_add,NVIDIA RTX A6000,0042-kci-sma6-prxmx10204,1800000,8001000,ns,3145728
vecadd_cuda,56352.0,gpu__time_duration.sum,vec_add,NVIDIA RTX A6000,0042-kci-sma6-prxmx10204,1800000,8001000,ns,3145728
vecadd_cuda,60832.0,gpu__time_duration.sum,vec_add,NVIDIA RTX A6000,0042-kci-sma6-prxmx10204,1800000,8001000,ns,3145728
vecadd_cuda,56992.0,gpu__time_duration.sum,vec_add,NVIDIA RTX A6000,0042-kci-sma6-prxmx10204,1800000,8001000,ns,3145728
vecadd_cuda,75392.0,gpu__time_duration.sum,vec_add,NVIDIA RTX A6000,0042-kci-sma6-prxmx10204,1800000,8001000,ns,4194304
vecadd_cuda,76064.0,gpu__time_duration.sum,vec_add,NVIDIA RTX A6000,0042-kci-sma6-prxmx10204,1800000,8001000,ns,4194304
vecadd_cuda,75840.0,gpu__time_duration.sum,vec_add,NVIDIA RTX A6000,0042-kci-sma6-prxmx10204,1800000,8001000,ns,4194304
vecadd_cuda,75680.0,gpu__time_duration.sum,vec_add,NVIDIA RTX A6000,0042-kci-sma6-prxmx10204,1800000,8001000,ns,4194304
vecadd_cuda,75584.0,gpu__time_duration.sum,vec_add,NVIDIA RTX A6000,0042-kci-sma6-prxmx10204,1800000,8001000,ns,4194304
vecadd_cuda,93312.0,gpu__time_duration.sum,vec_add,NVIDIA RTX A6000,0042-kci-sma6-prxmx10204,1800000,8001000,ns,5242880
vecadd_cuda,93120.0,gpu__time_duration.sum,vec_add,NVIDIA RTX A6000,0042-kci-sma6-prxmx10204,1800000,8001000,ns,5242880
vecadd_cuda,93824.0,gpu__time_duration.sum,vec_add,NVIDIA RTX A6000,0042-kci-sma6-prxmx10204,1800000,8001000,ns,5242880
vecadd_cuda,93120.0,gpu__time_duration.sum,vec_add,NVIDIA RTX A6000,0042-kci-sma6-prxmx10204,1800000,8001000,ns,5242880
vecadd_cuda,94080.0,gpu__time_duration.sum,vec_add,NVIDIA RTX A6000,0042-kci-sma6-prxmx10204,1800000,8001000,ns,5242880
vecadd_cuda,112032.0,gpu__time_duration.sum,vec_add,NVIDIA RTX A6000,0042-kci-sma6-prxmx10204,1800000,8001000,ns,6291456
vecadd_cuda,112416.0,gpu__time_duration.sum,vec_add,NVIDIA RTX A6000,0042-kci-sma6-prxmx10204,1800000,8001000,ns,6291456
vecadd_cuda,111680.0,gpu__time_duration.sum,vec_add,NVIDIA RTX A6000,0042-kci-sma6-prxmx10204,1800000,8001000,ns,6291456
vecadd_cuda,111808.0,gpu__time_duration.sum,vec_add,NVIDIA RTX A6000,0042-kci-sma6-prxmx10204,1800000,8001000,ns,6291456
vecadd_cuda,112832.0,gpu__time_duration.sum,vec_add,NVIDIA RTX A6000,0042-kci-sma6-prxmx10204,1800000,8001000,ns,6291456
vecadd_cuda,129984.0,gpu__time_duration.sum,vec_add,NVIDIA RTX A6000,0042-kci-sma6-prxmx10204,1800000,8001000,ns,7340032
vecadd_cuda,129664.0,gpu__time_duration.sum,vec_add,NVIDIA RTX A6000,0042-kci-sma6-prxmx10204,1800000,8001000,ns,7340032
vecadd_cuda,129568.0,gpu__time_duration.sum,vec_add,NVIDIA RTX A6000,0042-kci-sma6-prxmx10204,1800000,8001000,ns,7340032
vecadd_cuda,129664.0,gpu__time_duration.sum,vec_add,NVIDIA RTX A6000,0042-kci-sma6-prxmx10204,1800000,8001000,ns,7340032
vecadd_cuda,130048.0,gpu__time_duration.sum,vec_add,NVIDIA RTX A6000,0042-kci-sma6-prxmx10204,1800000,8001000,ns,7340032
vecadd_cuda,149120.0,gpu__time_duration.sum,vec_add,NVIDIA RTX A6000,0042-kci-sma6-prxmx10204,1800000,8001000,ns,8388608
vecadd_cuda,147520.0,gpu__time_duration.sum,vec_add,NVIDIA RTX A6000,0042-kci-sma6-prxmx10204,1800000,8001000,ns,8388608
vecadd_cuda,148800.0,gpu__time_duration.sum,vec_add,NVIDIA RTX A6000,0042-kci-sma6-prxmx10204,1800000,8001000,ns,8388608
vecadd_cuda,148224.0,gpu__time_duration.sum,vec_add,NVIDIA RTX A6000,0042-kci-sma6-prxmx10204,1800000,8001000,ns,8388608
vecadd_cuda,148448.0,gpu__time_duration.sum,vec_add,NVIDIA RTX A6000,0042-kci-sma6-prxmx10204,1800000,8001000,ns,8388608
vecadd_cuda,166688.0,gpu__time_duration.sum,vec_add,NVIDIA RTX A6000,0042-kci-sma6-prxmx10204,1800000,8001000,ns,9437184
vecadd_cuda,166848.0,gpu__time_duration.sum,vec_add,NVIDIA RTX A6000,0042-kci-sma6-prxmx10204,1800000,8001000,ns,9437184
vecadd_cuda,166144.0,gpu__time_duration.sum,vec_add,NVIDIA RTX A6000,0042-kci-sma6-prxmx10204,1800000,8001000,ns,9437184
vecadd_cuda,167392.0,gpu__time_duration.sum,vec_add,NVIDIA RTX A6000,0042-kci-sma6-prxmx10204,1800000,8001000,ns,9437184
vecadd_cuda,167232.0,gpu__time_duration.sum,vec_add,NVIDIA RTX A6000,0042-kci-sma6-prxmx10204,1800000,8001000,ns,9437184
vecadd_cuda,185216.0,gpu__time_duration.sum,vec_add,NVIDIA RTX A6000,0042-kci-sma6-prxmx10204,1800000,8001000,ns,10485760
vecadd_cuda,184736.0,gpu__time_duration.sum,vec_add,NVIDIA RTX A6000,0042-kci-sma6-prxmx10204,1800000,8001000,ns,10485760
vecadd_cuda,184512.0,gpu__time_duration.sum,vec_add,NVIDIA RTX A6000,0042-kci-sma6-prxmx10204,1800000,8001000,ns,10485760
vecadd_cuda,185888.0,gpu__time_duration.sum,vec_add,NVIDIA RTX A6000,0042-kci-sma6-prxmx10204,1800000,8001000,ns,10485760
vecadd_cuda,184128.0,gpu__time_duration.sum,vec_add,NVIDIA RTX A6000,0042-kci-sma6-prxmx10204,1800000,8001000,ns,10485760
vecadd_cuda,203456.0,gpu__time_duration.sum,vec_add,NVIDIA RTX A6000,0042-kci-sma6-prxmx10204,1800000,8001000,ns,11534336
vecadd_cuda,204224.0,gpu__time_duration.sum,vec_add,NVIDIA RTX A6000,0042-kci-sma6-prxmx10204,1800000,8001000,ns,11534336
vecadd_cuda,204096.0,gpu__time_duration.sum,vec_add,NVIDIA RTX A6000,0042-kci-sma6-prxmx10204,1800000,8001000,ns,11534336
vecadd_cuda,203936.0,gpu__time_duration.sum,vec_add,NVIDIA RTX A6000,0042-kci-sma6-prxmx10204,1800000,8001000,ns,11534336
vecadd_cuda,204416.0,gpu__time_duration.sum,vec_add,NVIDIA RTX A6000,0042-kci-sma6-prxmx10204,1800000,8001000,ns,11534336
vecadd_cuda,222560.0,gpu__time_duration.sum,vec_add,NVIDIA RTX A6000,0042-kci-sma6-prxmx10204,1800000,8001000,ns,12582912
vecadd_cuda,222624.0,gpu__time_duration.sum,vec_add,NVIDIA RTX A6000,0042-kci-sma6-prxmx10204,1800000,8001000,ns,12582912
vecadd_cuda,222016.0,gpu__time_duration.sum,vec_add,NVIDIA RTX A6000,0042-kci-sma6-prxmx10204,1800000,8001000,ns,12582912
vecadd_cuda,222272.0,gpu__time_duration.sum,vec_add,NVIDIA RTX A6000,0042-kci-sma6-prxmx10204,1800000,8001000,ns,12582912
vecadd_cuda,221120.0,gpu__time_duration.sum,vec_add,NVIDIA RTX A6000,0042-kci-sma6-prxmx10204,1800000,8001000,ns,12582912
vecadd_cuda,240640.0,gpu__time_duration.sum,vec_add,NVIDIA RTX A6000,0042-kci-sma6-prxmx10204,1800000,8001000,ns,13631488
vecadd_cuda,240544.0,gpu__time_duration.sum,vec_add,NVIDIA RTX A6000,0042-kci-sma6-prxmx10204,1800000,8001000,ns,13631488
vecadd_cuda,241408.0,gpu__time_duration.sum,vec_add,NVIDIA RTX A6000,0042-kci-sma6-prxmx10204,1800000,8001000,ns,13631488
vecadd_cuda,243040.0,gpu__time_duration.sum,vec_add,NVIDIA RTX A6000,0042-kci-sma6-prxmx10204,1800000,8001000,ns,13631488
vecadd_cuda,239712.0,gpu__time_duration.sum,vec_add,NVIDIA RTX A6000,0042-kci-sma6-prxmx10204,1800000,8001000,ns,13631488
vecadd_cuda,258880.0,gpu__time_duration.sum,vec_add,NVIDIA RTX A6000,0042-kci-sma6-prxmx10204,1800000,8001000,ns,14680064
vecadd_cuda,258368.0,gpu__time_duration.sum,vec_add,NVIDIA RTX A6000,0042-kci-sma6-prxmx10204,1800000,8001000,ns,14680064
vecadd_cuda,257472.0,gpu__time_duration.sum,vec_add,NVIDIA RTX A6000,0042-kci-sma6-prxmx10204,1800000,8001000,ns,14680064
vecadd_cuda,258432.0,gpu__time_duration.sum,vec_add,NVIDIA RTX A6000,0042-kci-sma6-prxmx10204,1800000,8001000,ns,14680064
vecadd_cuda,258272.0,gpu__time_duration.sum,vec_add,NVIDIA RTX A6000,0042-kci-sma6-prxmx10204,1800000,8001000,ns,14680064
vecadd_cuda,276928.0,gpu__time_duration.sum,vec_add,NVIDIA RTX A6000,0042-kci-sma6-prxmx10204,1800000,8001000,ns,15728640
vecadd_cuda,276960.0,gpu__time_duration.sum,vec_add,NVIDIA RTX A6000,0042-kci-sma6-prxmx10204,1800000,8001000,ns,15728640
vecadd_cuda,277920.0,gpu__time_duration.sum,vec_add,NVIDIA RTX A6000,0042-kci-sma6-prxmx10204,1800000,8001000,ns,15728640
vecadd_cuda,277056.0,gpu__time_duration.sum,vec_add,NVIDIA RTX A6000,0042-kci-sma6-prxmx10204,1800000,8001000,ns,15728640
vecadd_cuda,278112.0,gpu__time_duration.sum,vec_add,NVIDIA RTX A6000,0042-kci-sma6-prxmx10204,1800000,8001000,ns,15728640
vecadd_cuda,295424.0,gpu__time_duration.sum,vec_add,NVIDIA RTX A6000,0042-kci-sma6-prxmx10204,1800000,8001000,ns,16777216
vecadd_cuda,294496.0,gpu__time_duration.sum,vec_add,NVIDIA RTX A6000,0042-kci-sma6-prxmx10204,1800000,8001000,ns,16777216
vecadd_cuda,293984.0,gpu__time_duration.sum,vec_add,NVIDIA RTX A6000,0042-kci-sma6-prxmx10204,1800000,8001000,ns,16777216
vecadd_cuda,295072.0,gpu__time_duration.sum,vec_add,NVIDIA RTX A6000,0042-kci-sma6-prxmx10204,1800000,8001000,ns,16777216
vecadd_cuda,294720.0,gpu__time_duration.sum,vec_add,NVIDIA RTX A6000,0042-kci-sma6-prxmx10204,1800000,8001000,ns,16777216
vecadd_cuda_float4,19616.0,gpu__time_duration.sum,vec_add_float4,NVIDIA RTX A6000,0042-kci-sma6-prxmx10204,1800000,8001000,ns,1048576
vecadd_cuda_float4,19424.0,gpu__time_duration.sum,vec_add_float4,NVIDIA RTX A6000,0042-kci-sma6-prxmx10204,1800000,8001000,ns,1048576
vecadd_cuda_float4,19072.0,gpu__time_duration.sum,vec_add_float4,NVIDIA RTX A6000,0042-kci-sma6-prxmx10204,1800000,8001000,ns,1048576
vecadd_cuda_float4,19520.0,gpu__time_duration.sum,vec_add_float4,NVIDIA RTX A6000,0042-kci-sma6-prxmx10204,1800000,8001000,ns,1048576
vecadd_cuda_float4,19520.0,gpu__time_duration.sum,vec_add_float4,NVIDIA RTX A6000,0042-kci-sma6-prxmx10204,1800000,8001000,ns,1048576
vecadd_cuda_float4,37920.0,gpu__time_duration.sum,vec_add_float4,NVIDIA RTX A6000,0042-kci-sma6-prxmx10204,1800000,8001000,ns,2097152
vecadd_cuda_float4,38176.0,gpu__time_duration.sum,vec_add_float4,NVIDIA RTX A6000,0042-kci-sma6-prxmx10204,1800000,8001000,ns,2097152
vecadd_cuda_float4,38016.0,gpu__time_duration.sum,vec_add_float4,NVIDIA RTX A6000,0042-kci-sma6-prxmx10204,1800000,8001000,ns,2097152
vecadd_cuda_float4,38176.0,gpu__time_duration.sum,vec_add_float4,NVIDIA RTX A6000,0042-kci-sma6-prxmx10204,1800000,8001000,ns,2097152
vecadd_cuda_float4,37568.0,gpu__time_duration.sum,vec_add_float4,NVIDIA RTX A6000,0042-kci-sma6-prxmx10204,1800000,8001000,ns,2097152
vecadd_cuda_float4,55872.0,gpu__time_duration.sum,vec_add_float4,NVIDIA RTX A6000,0042-kci-sma6-prxmx10204,1800000,8001000,ns,3145728
vecadd_cuda_float4,56608.0,gpu__time_duration.sum,vec_add_float4,NVIDIA RTX A6000,0042-kci-sma6-prxmx10204,1800000,8001000,ns,3145728
vecadd_cuda_float4,56544.0,gpu__time_duration.sum,vec_add_float4,NVIDIA RTX A6000,0042-kci-sma6-prxmx10204,1800000,8001000,ns,3145728
vecadd_cuda_float4,55808.0,gpu__time_duration.sum,vec_add_float4,NVIDIA RTX A6000,0042-kci-sma6-prxmx10204,1800000,8001000,ns,3145728
vecadd_cuda_float4,56128.0,gpu__time_duration.sum,vec_add_float4,NVIDIA RTX A6000,0042-kci-sma6-prxmx10204,1800000,8001000,ns,3145728
vecadd_cuda_float4,74496.0,gpu__time_duration.sum,vec_add_float4,NVIDIA RTX A6000,0042-kci-sma6-prxmx10204,1800000,8001000,ns,4194304
vecadd_cuda_float4,74784.0,gpu__time_duration.sum,vec_add_float4,NVIDIA RTX A6000,0042-kci-sma6-prxmx10204,1800000,8001000,ns,4194304
vecadd_cuda_float4,74208.0,gpu__time_duration.sum,vec_add_float4,NVIDIA RTX A6000,0042-kci-sma6-prxmx10204,1800000,8001000,ns,4194304
vecadd_cuda_float4,74592.0,gpu__time_duration.sum,vec_add_float4,NVIDIA RTX A6000,0042-kci-sma6-prxmx10204,1800000,8001000,ns,4194304
vecadd_cuda_float4,74624.0,gpu__time_duration.sum,vec_add_float4,NVIDIA RTX A6000,0042-kci-sma6-prxmx10204,1800000,8001000,ns,4194304
vecadd_cuda_float4,93024.0,gpu__time_duration.sum,vec_add_float4,NVIDIA RTX A6000,0042-kci-sma6-prxmx10204,1800000,8001000,ns,5242880
vecadd_cuda_float4,92928.0,gpu__time_duration.sum,vec_add_float4,NVIDIA RTX A6000,0042-kci-sma6-prxmx10204,1800000,8001000,ns,5242880
vecadd_cuda_float4,92640.0,gpu__time_duration.sum,vec_add_float4,NVIDIA RTX A6000,0042-kci-sma6-prxmx10204,1800000,8001000,ns,5242880
vecadd_cuda_float4,93024.0,gpu__time_duration.sum,vec_add_float4,NVIDIA RTX A6000,0042-kci-sma6-prxmx10204,1800000,8001000,ns,5242880
vecadd_cuda_float4,92480.0,gpu__time_duration.sum,vec_add_float4,NVIDIA RTX A6000,0042-kci-sma6-prxmx10204,1800000,8001000,ns,5242880
vecadd_cuda_float4,111040.0,gpu__time_duration.sum,vec_add_float4,NVIDIA RTX A6000,0042-kci-sma6-prxmx10204,1800000,8001000,ns,6291456
vecadd_cuda_float4,112128.0,gpu__time_duration.sum,vec_add_float4,NVIDIA RTX A6000,0042-kci-sma6-prxmx10204,1800000,8001000,ns,6291456
vecadd_cuda_float4,111520.0,gpu__time_duration.sum,vec_add_float4,NVIDIA RTX A6000,0042-kci-sma6-prxmx10204,1800000,8001000,ns,6291456
vecadd_cuda_float4,111264.0,gpu__time_duration.sum,vec_add_float4,NVIDIA RTX A6000,0042-kci-sma6-prxmx10204,1800000,8001000,ns,6291456
vecadd_cuda_float4,111808.0,gpu__time_duration.sum,vec_add_float4,NVIDIA RTX A6000,0042-kci-sma6-prxmx10204,1800000,8001000,ns,6291456
vecadd_cuda_float4,129440.0,gpu__time_duration.sum,vec_add_float4,NVIDIA RTX A6000,0042-kci-sma6-prxmx10204,1800000,8001000,ns,7340032
vecadd_cuda_float4,129344.0,gpu__time_duration.sum,vec_add_float4,NVIDIA RTX A6000,0042-kci-sma6-prxmx10204,1800000,8001000,ns,7340032
vecadd_cuda_float4,129632.0,gpu__time_duration.sum,vec_add_float4,NVIDIA RTX A6000,0042-kci-sma6-prxmx10204,1800000,8001000,ns,7340032
vecadd_cuda_float4,129184.0,gpu__time_duration.sum,vec_add_float4,NVIDIA RTX A6000,0042-kci-sma6-prxmx10204,1800000,8001000,ns,7340032
vecadd_cuda_float4,130112.0,gpu__time_duration.sum,vec_add_float4,NVIDIA RTX A6000,0042-kci-sma6-prxmx10204,1800000,8001000,ns,7340032
vecadd_cuda_float4,148000.0,gpu__time_duration.sum,vec_add_float4,NVIDIA RTX A6000,0042-kci-sma6-prxmx10204,1800000,8001000,ns,8388608
vecadd_cuda_float4,147552.0,gpu__time_duration.sum,vec_add_float4,NVIDIA RTX A6000,0042-kci-sma6-prxmx10204,1800000,8001000,ns,8388608
vecadd_cuda_float4,148064.0,gpu__time_duration.sum,vec_add_float4,NVIDIA RTX A6000,0042-kci-sma6-prxmx10204,1800000,8001000,ns,8388608
vecadd_cuda_float4,147808.0,gpu__time_duration.sum,vec_add_float4,NVIDIA RTX A6000,0042-kci-sma6-prxmx10204,1800000,8001000,ns,8388608
vecadd_cuda_float4,147680.0,gpu__time_duration.sum,vec_add_float4,NVIDIA RTX A6000,0042-kci-sma6-prxmx10204,1800000,8001000,ns,8388608
vecadd_cuda_float4,166368.0,gpu__time_duration.sum,vec_add_float4,NVIDIA RTX A6000,0042-kci-sma6-prxmx10204,1800000,8001000,ns,9437184
vecadd_cuda_float4,166560.0,gpu__time_duration.sum,vec_add_float4,NVIDIA RTX A6000,0042-kci-sma6-prxmx10204,1800000,8001000,ns,9437184
vecadd_cuda_float4,166528.0,gpu__time_duration.sum,vec_add_float4,NVIDIA RTX A6000,0042-kci-sma6-prxmx10204,1800000,8001000,ns,9437184
vecadd_cuda_float4,167296.0,gpu__time_duration.sum,vec_add_float4,NVIDIA RTX A6000,0042-kci-sma6-prxmx10204,1800000,8001000,ns,9437184
vecadd_cuda_float4,165728.0,gpu__time_duration.sum,vec_add_float4,NVIDIA RTX A6000,0042-kci-sma6-prxmx10204,1800000,8001000,ns,9437184
vecadd_cuda_float4,185216.0,gpu__time_duration.sum,vec_add_float4,NVIDIA RTX A6000,0042-kci-sma6-prxmx10204,1800000,8001000,ns,10485760
vecadd_cuda_float4,184672.0,gpu__time_duration.sum,vec_add_float4,NVIDIA RTX A6000,0042-kci-sma6-prxmx10204,1800000,8001000,ns,10485760
vecadd_cuda_float4,184320.0,gpu__time_duration.sum,vec_add_float4,NVIDIA RTX A6000,0042-kci-sma6-prxmx10204,1800000,8001000,ns,10485760
vecadd_cuda_float4,184544.0,gpu__time_duration.sum,vec_add_float4,NVIDIA RTX A6000,0042-kci-sma6-prxmx10204,1800000,8001000,ns,10485760
vecadd_cuda_float4,184992.0,gpu__time_duration.sum,vec_add_float4,NVIDIA RTX A6000,0042-kci-sma6-prxmx10204,1800000,8001000,ns,10485760
vecadd_cuda_float4,202880.0,gpu__time_duration.sum,vec_add_float4,NVIDIA RTX A6000,0042-kci-sma6-prxmx10204,1800000,8001000,ns,11534336
vecadd_cuda_float4,202976.0,gpu__time_duration.sum,vec_add_float4,NVIDIA RTX A6000,0042-kci-sma6-prxmx10204,1800000,8001000,ns,11534336
vecadd_cuda_float4,202688.0,gpu__time_duration.sum,vec_add_float4,NVIDIA RTX A6000,0042-kci-sma6-prxmx10204,1800000,8001000,ns,11534336
vecadd_cuda_float4,202816.0,gpu__time_duration.sum,vec_add_float4,NVIDIA RTX A6000,0042-kci-sma6-prxmx10204,1800000,8001000,ns,11534336
vecadd_cuda_float4,203264.0,gpu__time_duration.sum,vec_add_float4,NVIDIA RTX A6000,0042-kci-sma6-prxmx10204,1800000,8001000,ns,11534336
vecadd_cuda_float4,222016.0,gpu__time_duration.sum,vec_add_float4,NVIDIA RTX A6000,0042-kci-sma6-prxmx10204,1800000,8001000,ns,12582912
vecadd_cuda_float4,221536.0,gpu__time_duration.sum,vec_add_float4,NVIDIA RTX A6000,0042-kci-sma6-prxmx10204,1800000,8001000,ns,12582912
vecadd_cuda_float4,222624.0,gpu__time_duration.sum,vec_add_float4,NVIDIA RTX A6000,0042-kci-sma6-prxmx10204,1800000,8001000,ns,12582912
vecadd_cuda_float4,222048.0,gpu__time_duration.sum,vec_add_float4,NVIDIA RTX A6000,0042-kci-sma6-prxmx10204,1800000,8001000,ns,12582912
vecadd_cuda_float4,220608.0,gpu__time_duration.sum,vec_add_float4,NVIDIA RTX A6000,0042-kci-sma6-prxmx10204,1800000,8001000,ns,12582912
vecadd_cuda_float4,239200.0,gpu__time_duration.sum,vec_add_float4,NVIDIA RTX A6000,0042-kci-sma6-prxmx10204,1800000,8001000,ns,13631488
vecadd_cuda_float4,239072.0,gpu__time_duration.sum,vec_add_float4,NVIDIA RTX A6000,0042-kci-sma6-prxmx10204,1800000,8001000,ns,13631488
vecadd_cuda_float4,240736.0,gpu__time_duration.sum,vec_add_float4,NVIDIA RTX A6000,0042-kci-sma6-prxmx10204,1800000,8001000,ns,13631488
vecadd_cuda_float4,240704.0,gpu__time_duration.sum,vec_add_float4,NVIDIA RTX A6000,0042-kci-sma6-prxmx10204,1800000,8001000,ns,13631488
vecadd_cuda_float4,239840.0,gpu__time_duration.sum,vec_add_float4,NVIDIA RTX A6000,0042-kci-sma6-prxmx10204,1800000,8001000,ns,13631488
vecadd_cuda_float4,257184.0,gpu__time_duration.sum,vec_add_float4,NVIDIA RTX A6000,0042-kci-sma6-prxmx10204,1800000,8001000,ns,14680064
vecadd_cuda_float4,257632.0,gpu__time_duration.sum,vec_add_float4,NVIDIA RTX A6000,0042-kci-sma6-prxmx10204,1800000,8001000,ns,14680064
vecadd_cuda_float4,257600.0,gpu__time_duration.sum,vec_add_float4,NVIDIA RTX A6000,0042-kci-sma6-prxmx10204,1800000,8001000,ns,14680064
vecadd_cuda_float4,258336.0,gpu__time_duration.sum,vec_add_float4,NVIDIA RTX A6000,0042-kci-sma6-prxmx10204,1800000,8001000,ns,14680064
vecadd_cuda_float4,258432.0,gpu__time_duration.sum,vec_add_float4,NVIDIA RTX A6000,0042-kci-sma6-prxmx10204,1800000,8001000,ns,14680064
vecadd_cuda_float4,275584.0,gpu__time_duration.sum,vec_add_float4,NVIDIA RTX A6000,0042-kci-sma6-prxmx10204,1800000,8001000,ns,15728640
vecadd_cuda_float4,275232.0,gpu__time_duration.sum,vec_add_float4,NVIDIA RTX A6000,0042-kci-sma6-prxmx10204,1800000,8001000,ns,15728640
vecadd_cuda_float4,275808.0,gpu__time_duration.sum,vec_add_float4,NVIDIA RTX A6000,0042-kci-sma6-prxmx10204,1800000,8001000,ns,15728640
vecadd_cuda_float4,275552.0,gpu__time_duration.sum,vec_add_float4,NVIDIA RTX A6000,0042-kci-sma6-prxmx10204,1800000,8001000,ns,15728640
vecadd_cuda_float4,276576.0,gpu__time_duration.sum,vec_add_float4,NVIDIA RTX A6000,0042-kci-sma6-prxmx10204,1800000,8001000,ns,15728640
vecadd_cuda_float4,294240.0,gpu__time_duration.sum,vec_add_float4,NVIDIA RTX A6000,0042-kci-sma6-prxmx10204,1800000,8001000,ns,16777216
vecadd_cuda_float4,294112.0,gpu__time_duration.sum,vec_add_float4,NVIDIA RTX A6000,0042-kci-sma6-prxmx10204,1800000,8001000,ns,16777216
vecadd_cuda_float4,294400.0,gpu__time_duration.sum,vec_add_float4,NVIDIA RTX A6000,0042-kci-sma6-prxmx10204,1800000,8001000,ns,16777216
vecadd_cuda_float4,293888.0,gpu__time_duration.sum,vec_add_float4,NVIDIA RTX A6000,0042-kci-sma6-prxmx10204,1800000,8001000,ns,16777216
vecadd_cuda_float4,295040.0,gpu__time_duration.sum,vec_add_float4,NVIDIA RTX A6000,0042-kci-sma6-prxmx10204,1800000,8001000,ns,16777216
