Annotation,Metric,n,AvgValue,StdDev,MinValue,MaxValue,NumRuns,Kernel,GPU,Host,ComputeClock,MemoryClock,Unit,CI95_Lower,CI95_Upper,RelativeStdDevPct,StableMeasurement,Normalized,Geomean
torch.add,gpu__time_duration.sum,1048576,18803.2,210.56875361743496,18560.0,19104.0,5,vectorized_elementwise_kernel,NVIDIA RTX A6000,0042-kci-sma6-prxmx10204,1800000,8001000,ns,18618.628349565814,18987.771650434188,1.119855948016481,True,False,126543.45495430958
torch.add,gpu__time_duration.sum,2097152,38182.4,188.50145888029613,37888.0,38336.0,5,vectorized_elementwise_kernel,NVIDIA RTX A6000,0042-kci-sma6-prxmx10204,1800000,8001000,ns,38017.17118624163,38347.628813758376,0.49368677422135887,True,False,126543.45495430958
torch.add,gpu__time_duration.sum,3145728,56608.0,363.45013413121774,56256.0,57216.0,5,vectorized_elementwise_kernel,NVIDIA RTX A6000,0042-kci-sma6-prxmx10204,1800000,8001000,ns,56289.42191111126,56926.57808888874,0.6420472974336097,True,False,126543.45495430958
torch.add,gpu__time_duration.sum,4194304,74873.6,313.86111578212314,74592.0,75328.0,5,vectorized_elementwise_kernel,NVIDIA RTX A6000,0042-kci-sma6-prxmx10204,1800000,8001000,ns,74598.48860216996,75148.71139783005,0.4191879591499849,True,False,126543.45495430958
torch.add,gpu__time_duration.sum,5242880,92934.4,339.7128198935106,92416.0,93344.0,5,vectorized_elementwise_kernel,NVIDIA RTX A6000,0042-kci-sma6-prxmx10204,1800000,8001000,ns,92636.62858442086,93232.17141557913,0.3655404456191793,True,False,126543.45495430958
torch.add,gpu__time_duration.sum,6291456,111417.6,99.6634336153447,111296.0,111520.0,5,vectorized_elementwise_kernel,NVIDIA RTX A6000,0042-kci-sma6-prxmx10204,1800000,8001000,ns,111330.2411487255,111504.95885127451,0.08945035040724687,True,False,126543.45495430958
torch.add,gpu__time_duration.sum,7340032,129888.0,245.79666393179545,129536.0,130176.0,5,vectorized_elementwise_kernel,NVIDIA RTX A6000,0042-kci-sma6-prxmx10204,1800000,8001000,ns,129672.5497247159,130103.4502752841,0.18923739216232097,True,False,126543.45495430958
torch.add,gpu__time_duration.sum,8388608,148748.8,750.6711663571455,147840.0,149696.0,5,vectorized_elementwise_kernel,NVIDIA RTX A6000,0042-kci-sma6-prxmx10204,1800000,8001000,ns,148090.80771136432,149406.79228863565,0.5046569561281472,True,False,126543.45495430958
torch.add,gpu__time_duration.sum,9437184,167116.8,573.1484973372965,166496.0,167968.0,5,vectorized_elementwise_kernel,NVIDIA RTX A6000,0042-kci-sma6-prxmx10204,1800000,8001000,ns,166614.41319151074,167619.18680848923,0.3429628244062216,True,False,126543.45495430958
torch.add,gpu__time_duration.sum,10485760,185062.4,445.36367162129415,184352.0,185568.0,5,vectorized_elementwise_kernel,NVIDIA RTX A6000,0042-kci-sma6-prxmx10204,1800000,8001000,ns,184672.02152977398,185452.778470226,0.24065594719472685,True,False,126543.45495430958
torch.add,gpu__time_duration.sum,11534336,203340.8,501.18579389284196,202656.0,203840.0,5,vectorized_elementwise_kernel,NVIDIA RTX A6000,0042-kci-sma6-prxmx10204,1800000,8001000,ns,202901.49128223537,203780.1087177646,0.24647576575524535,True,False,126543.45495430958
torch.add,gpu__time_duration.sum,12582912,222329.6,671.0087927888868,221344.0,223072.0,5,vectorized_elementwise_kernel,NVIDIA RTX A6000,0042-kci-sma6-prxmx10204,1800000,8001000,ns,221741.434860523,222917.765139477,0.30180812306993166,True,False,126543.45495430958
torch.add,gpu__time_duration.sum,13631488,239948.8,1062.9107206158003,239008.0,241504.0,5,vectorized_elementwise_kernel,NVIDIA RTX A6000,0042-kci-sma6-prxmx10204,1800000,8001000,ns,239017.1176748784,240880.4823251216,0.4429739680364313,True,False,126543.45495430958
torch.add,gpu__time_duration.sum,14680064,258924.8,592.475484724898,258240.0,259680.0,5,vectorized_elementwise_kernel,NVIDIA RTX A6000,0042-kci-sma6-prxmx10204,1800000,8001000,ns,258405.47234013196,259444.127659868,0.2288214511413731,True,False,126543.45495430958
torch.add,gpu__time_duration.sum,15728640,276716.8,724.6428085615732,275936.0,277472.0,5,vectorized_elementwise_kernel,NVIDIA RTX A6000,0042-kci-sma6-prxmx10204,1800000,8001000,ns,276081.6225728948,277351.9774271052,0.2618716350295946,True,False,126543.45495430958
torch.add,gpu__time_duration.sum,16777216,295456.0,775.2986521334826,294560.0,296640.0,5,vectorized_elementwise_kernel,NVIDIA RTX A6000,0042-kci-sma6-prxmx10204,1800000,8001000,ns,294776.4207682985,296135.5792317015,0.26240748271603304,True,False,126543.45495430958
vecadd_cuda,gpu__time_duration.sum,1048576,19308.8,157.74409656148805,19040.0,19424.0,5,vec_add,NVIDIA RTX A6000,0042-kci-sma6-prxmx10204,1800000,8001000,ns,19170.531202999373,19447.068797000626,0.8169544278333613,True,False,127198.13412519648
vecadd_cuda,gpu__time_duration.sum,2097152,38880.0,242.65201420964962,38688.0,39264.0,5,vec_add,NVIDIA RTX A6000,0042-kci-sma6-prxmx10204,1800000,8001000,ns,38667.306131729194,39092.693868270806,0.6241049748190577,True,False,127198.13412519648
vecadd_cuda,gpu__time_duration.sum,3145728,57465.6,1904.6587095855252,56320.0,60832.0,5,vec_add,NVIDIA RTX A6000,0042-kci-sma6-prxmx10204,1800000,8001000,ns,55796.093031360455,59135.10696863954,3.3144328251780637,False,False,127198.13412519648
vecadd_cuda,gpu__time_duration.sum,4194304,75712.0,254.99803920814776,75392.0,76064.0,5,vec_add,NVIDIA RTX A6000,0042-kci-sma6-prxmx10204,1800000,8001000,ns,75488.48436367896,75935.51563632104,0.33680003065319597,True,False,127198.13412519648
vecadd_cuda,gpu__time_duration.sum,5242880,93491.2,437.3593488197092,93120.0,94080.0,5,vec_add,NVIDIA RTX A6000,0042-kci-sma6-prxmx10204,1800000,8001000,ns,93107.83762805408,93874.56237194591,0.4678080384246958,True,False,127198.13412519648
vecadd_cuda,gpu__time_duration.sum,6291456,112153.6,471.06347767577955,111680.0,112832.0,5,vec_add,NVIDIA RTX A6000,0042-kci-sma6-prxmx10204,1800000,8001000,ns,111740.69465654221,112566.5053434578,0.4200163683339452,True,False,127198.13412519648
vecadd_cuda,gpu__time_duration.sum,7340032,129785.6,215.1390248188364,129568.0,130048.0,5,vec_add,NVIDIA RTX A6000,0042-kci-sma6-prxmx10204,1800000,8001000,ns,129597.0223302297,129974.17766977032,0.1657649421960806,True,False,127198.13412519648
vecadd_cuda,gpu__time_duration.sum,8388608,148422.4,609.0096879360788,147520.0,149120.0,5,vec_add,NVIDIA RTX A6000,0042-kci-sma6-prxmx10204,1800000,8001000,ns,147888.57947201704,148956.22052798295,0.41032195136049465,True,False,127198.13412519648
vecadd_cuda,gpu__time_duration.sum,9437184,166860.8,490.86372854388145,166144.0,167392.0,5,vec_add,NVIDIA RTX A6000,0042-kci-sma6-prxmx10204,1800000,8001000,ns,166430.53897143246,167291.06102856752,0.2941755814091036,True,False,127198.13412519648
vecadd_cuda,gpu__time_duration.sum,10485760,184896.0,679.9529395480243,184128.0,185888.0,5,vec_add,NVIDIA RTX A6000,0042-kci-sma6-prxmx10204,1800000,8001000,ns,184299.99497022256,185492.00502977744,0.3677488639819273,True,False,127198.13412519648
vecadd_cuda,gpu__time_duration.sum,11534336,204025.6,363.73176930259837,203456.0,204416.0,5,vec_add,NVIDIA RTX A6000,0042-kci-sma6-prxmx10204,1800000,8001000,ns,203706.77504699916,204344.42495300085,0.17827751483274568,True,False,127198.13412519648
vecadd_cuda,gpu__time_duration.sum,12582912,222118.4,608.5891882049814,221120.0,222624.0,5,vec_add,NVIDIA RTX A6000,0042-kci-sma6-prxmx10204,1800000,8001000,ns,221584.94805628248,222651.8519437175,0.2739931442892536,True,False,127198.13412519648
vecadd_cuda,gpu__time_duration.sum,13631488,241068.8,1255.0773681331343,239712.0,243040.0,5,vec_add,NVIDIA RTX A6000,0042-kci-sma6-prxmx10204,1800000,8001000,ns,239968.67618163044,242168.92381836954,0.5206303628396269,True,False,127198.13412519648
vecadd_cuda,gpu__time_duration.sum,14680064,258284.8,510.7985904444138,257472.0,258880.0,5,vec_add,NVIDIA RTX A6000,0042-kci-sma6-prxmx10204,1800000,8001000,ns,257837.06529455044,258732.53470544954,0.19776564104601346,True,False,127198.13412519648
vecadd_cuda,gpu__time_duration.sum,15728640,277395.2,572.7016675372976,276928.0,278112.0,5,vec_add,NVIDIA RTX A6000,0042-kci-sma6-prxmx10204,1800000,8001000,ns,276893.2048550992,277897.1951449008,0.20645694934061498,True,False,127198.13412519648
vecadd_cuda,gpu__time_duration.sum,16777216,294739.2,549.8974449840654,293984.0,295424.0,5,vec_add,NVIDIA RTX A6000,0042-kci-sma6-prxmx10204,1800000,8001000,ns,294257.19363748597,295221.20636251406,0.1865708548384692,True,False,127198.13412519648
vecadd_cuda_float4,gpu__time_duration.sum,1048576,19430.4,211.5391216772918,19072.0,19616.0,5,vec_add_float4,NVIDIA RTX A6000,0042-kci-sma6-prxmx10204,1800000,8001000,ns,19244.97778445936,19615.822215540644,1.088701836695548,True,False,126423.3569229008
vecadd_cuda_float4,gpu__time_duration.sum,2097152,37971.2,250.54181287761048,37568.0,38176.0,5,vec_add_float4,NVIDIA RTX A6000,0042-kci-sma6-prxmx10204,1800000,8001000,ns,37751.590418278254,38190.80958172174,0.6598206347906058,True,False,126423.3569229008
vecadd_cuda_float4,gpu__time_duration.sum,3145728,56192.0,371.11723215178256,55808.0,56608.0,5,vec_add_float4,NVIDIA RTX A6000,0042-kci-sma6-prxmx10204,1800000,8001000,ns,55866.70140338452,56517.29859661548,0.6604449604067885,True,False,126423.3569229008
vecadd_cuda_float4,gpu__time_duration.sum,4194304,74540.8,212.98638454135966,74208.0,74784.0,5,vec_add_float4,NVIDIA RTX A6000,0042-kci-sma6-prxmx10204,1800000,8001000,ns,74354.10920262638,74727.49079737363,0.2857312834600107,True,False,126423.3569229008
vecadd_cuda_float4,gpu__time_duration.sum,5242880,92819.2,246.4207783446836,92480.0,93024.0,5,vec_add_float4,NVIDIA RTX A6000,0042-kci-sma6-prxmx10204,1800000,8001000,ns,92603.20266431273,93035.19733568726,0.26548470396715723,True,False,126423.3569229008
vecadd_cuda_float4,gpu__time_duration.sum,6291456,111552.0,431.11019472983975,111040.0,112128.0,5,vec_add_float4,NVIDIA RTX A6000,0042-kci-sma6-prxmx10204,1800000,8001000,ns,111174.11525312603,111929.88474687397,0.38646567944083454,True,False,126423.3569229008
vecadd_cuda_float4,gpu__time_duration.sum,7340032,129542.4,357.34129344367835,129184.0,130112.0,5,vec_add_float4,NVIDIA RTX A6000,0042-kci-sma6-prxmx10204,1800000,8001000,ns,129229.17654606335,129855.62345393664,0.27584890618336416,True,False,126423.3569229008
vecadd_cuda_float4,gpu__time_duration.sum,8388608,147820.8,214.18496679272215,147552.0,148064.0,5,vec_add_float4,NVIDIA RTX A6000,0042-kci-sma6-prxmx10204,1800000,8001000,ns,147633.05859896122,148008.54140103876,0.14489501260493934,True,False,126423.3569229008
vecadd_cuda_float4,gpu__time_duration.sum,9437184,166496.0,559.3138653743516,165728.0,167296.0,5,vec_add_float4,NVIDIA RTX A6000,0042-kci-sma6-prxmx10204,1800000,8001000,ns,166005.7397810958,166986.2602189042,0.335932313914059,True,False,126423.3569229008
vecadd_cuda_float4,gpu__time_duration.sum,10485760,184748.8,356.7677115435208,184320.0,185216.0,5,vec_add_float4,NVIDIA RTX A6000,0042-kci-sma6-prxmx10204,1800000,8001000,ns,184436.07931276615,185061.52068723383,0.19310962319837577,True,False,126423.3569229008
vecadd_cuda_float4,gpu__time_duration.sum,11534336,202924.8,216.5622312408173,202688.0,203264.0,5,vec_add_float4,NVIDIA RTX A6000,0042-kci-sma6-prxmx10204,1800000,8001000,ns,202734.9748347979,203114.62516520207,0.10672043596485856,True,False,126423.3569229008
vecadd_cuda_float4,gpu__time_duration.sum,12582912,221766.4,753.6662391271085,220608.0,222624.0,5,vec_add_float4,NVIDIA RTX A6000,0042-kci-sma6-prxmx10204,1800000,8001000,ns,221105.78241433034,222427.01758566964,0.3398469015717027,True,False,126423.3569229008
vecadd_cuda_float4,gpu__time_duration.sum,13631488,239910.4,794.3480345541203,239072.0,240736.0,5,vec_add_float4,NVIDIA RTX A6000,0042-kci-sma6-prxmx10204,1800000,8001000,ns,239214.1232484019,240606.67675159808,0.3311019591289583,True,False,126423.3569229008
vecadd_cuda_float4,gpu__time_duration.sum,14680064,257836.8,530.9493384495381,257184.0,258432.0,5,vec_add_float4,NVIDIA RTX A6000,0042-kci-sma6-prxmx10204,1800000,8001000,ns,257371.40238515436,258302.19761484562,0.20592457649549564,True,False,126423.3569229008
vecadd_cuda_float4,gpu__time_duration.sum,15728640,275750.4,505.15423387317657,275232.0,276576.0,5,vec_add_float4,NVIDIA RTX A6000,0042-kci-sma6-prxmx10204,1800000,8001000,ns,275307.6127912236,276193.1872087764,0.18319256612979584,True,False,126423.3569229008
vecadd_cuda_float4,gpu__time_duration.sum,16777216,294336.0,435.8348311000398,293888.0,295040.0,5,vec_add_float4,NVIDIA RTX A6000,0042-kci-sma6-prxmx10204,1800000,8001000,ns,293953.9739267537,294718.0260732463,0.14807391250137253,True,False,126423.3569229008
